Date,Store Location,Units Sold,Revenue,Profit,Operating Hours,Customer Visits,Product Category
2021-01-01,New York,150,3000,750,10,200,Electronics
2021-01-01,Los Angeles,200,4000,1000,12,250,Clothing
2021-01-01,Chicago,180,3600,900,11,220,Home & Kitchen
2021-01-01,Houston,160,3200,800,10,210,Sports
2021-01-01,Phoenix,140,2800,700,9,190,Books
2021-01-02,New York,155,3100,775,10,205,Electronics
2021-01-02,Los Angeles,210,4200,1050,12,255,Clothing
2021-01-02,Chicago,185,3700,925,11,225,Home & Kitchen
2021-01-02,Houston,165,3300,825,10,215,Sports
2021-01-02,Phoenix,145,2900,725,9,195,Books
2021-01-03,New York,160,3200,800,10,210,Electronics
2021-01-03,Los Angeles,220,4400,1100,12,260,Clothing
2021-01-03,Chicago,190,3800,950,11,230,Home & Kitchen
2021-01-03,Houston,170,3400,850,10,220,Sports
2021-01-03,Phoenix,150,3000,750,9,200,Books
2021-01-04,New York,165,3300,825,10,215,Electronics
2021-01-04,Los Angeles,230,4600,1150,12,265,Clothing
2021-01-04,Chicago,195,3900,975,11,235,Home & Kitchen
2021-01-04,Houston,175,3500,875,10,225,Sports
2021-01-04,Phoenix,155,3100,775,9,205,Books
2021-01-05,New York,170,3400,850,10,220,Electronics
2021-01-05,Los Angeles,240,4800,1200,12,270,Clothing
2021-01-05,Chicago,200,4000,1000,11,240,Home & Kitchen
2021-01-05,Houston,180,3600,900,10,230,Sports
2021-01-05,Phoenix,160,3200,800,9,210,Books